Datetime,AIN-10
2026-09-30 09:30:00,0.0
2026-09-30 09:35:00,-0.3253537734402778
2026-09-30 09:40:00,-0.539592589843223
2026-09-30 09:45:00,-0.45456012021776965
2026-09-30 09:50:00,-0.5273278722598906
2026-09-30 09:55:00,-0.21486897031301133
2026-09-30 10:00:00,-0.09012020997430703
2026-09-30 10:05:00,-0.16834219524876515
2026-09-30 10:10:00,-0.3488067458314603
2026-09-30 10:15:00,-0.3053320835917838
2026-09-30 10:20:00,-0.38229032617702946
2026-09-30 10:25:00,-0.4352448544149345
2026-09-30 10:30:00,-0.6004062292634084
2026-09-30 10:35:00,-0.575130448373814
2026-09-30 10:40:00,-0.5467806299943845
2026-09-30 10:45:00,-0.367996437497613
2026-09-30 10:50:00,-0.2409683660440609
2026-09-30 10:55:00,-0.3883522352809199
2026-09-30 11:00:00,-0.3960118308223682
2026-09-30 11:05:00,-0.3586206867170694
2026-09-30 11:10:00,-0.4063929393631004
2026-09-30 11:15:00,-0.34219094803240474
2026-09-30 11:20:00,-0.40997801737452716
2026-09-30 11:25:00,-0.3212297647096373
2026-09-30 11:30:00,-0.23329076434021703
2026-09-30 11:35:00,-0.23015618667015952
2026-09-30 11:40:00,-0.2988234617691144
2026-09-30 11:45:00,-0.03182548609128477
2026-09-30 11:50:00,-0.2028360978215804
2026-09-30 11:55:00,-0.10914025684944595
2026-09-30 12:00:00,-0.02451443503937112
2026-09-30 12:05:00,-0.006391445857494293
2026-09-30 12:10:00,0.03934430229892705
2026-09-30 12:15:00,0.009100576884469858
2026-09-30 12:20:00,-0.0220993441527928
2026-09-30 12:25:00,-0.030379173519634595
